run_id,timestamp,product_id,name,brand,category,gender,mrp,price,discount_pct,rating,rating_count,reviews_count,total_inventory,total_exact_inv,size_inventory,sizes_available,out_of_stock_sizes,is_oos,urgency_purchased,urgency_cart,urgency_wishlist,urgency_pdp,is_ad,catalog_date,position,keyword
20260321_161308,2026-03-21T16:13:08,39272406,Marks & Spencer Pure Cotton V-Neck T-Shirt,Marks & Spencer,Tshirts,Women,799.0,559.0,30.0,4.2835822105407715,67,,1,,,XL,,,,,,,False,2026-01-08,1,tshirts
20260321_161308,2026-03-21T16:13:08,12027436,Levis Men Soft Pure Cotton Round Neck Half Sleeve Tshirt,Levis,Lounge Tshirts,Men,649.0,584.0,10.0,4.37544059753418,19870,,977,,,S,,,,,,,False,2020-07-30,2,tshirts
20260321_161308,2026-03-21T16:13:08,35508616,KEESOR Girls Pack Of 3 Cotton Tshirts,KEESOR,Tshirts,Girls,699.0,314.0,55.1,4.267148017883301,554,,1,,,6-12M,,,,,,,False,2025-07-03,3,tshirts
20260321_161308,2026-03-21T16:13:08,40733470,dostitch Boys Polyester Tshirts,dostitch,Tshirts,Boys,999.0,499.0,50.1,0.0,0,,43,,,9-10Y,,,,,,,False,2026-03-12,4,tshirts
20260321_161308,2026-03-21T16:13:08,29961765,DILLINGER Graphic Printed Relaxed Fit Pure Cotton T-shirt,DILLINGER,Tshirts,Women,1399.0,489.0,65.0,4.568906784057617,8780,,298,,,S,,,,,,,False,2024-06-27,5,tshirts
20260321_161308,2026-03-21T16:13:08,39450078,H&M Girls Motif-Detail T-Shirt,H&M,Tshirts,Girls,699.0,629.0,10.0,4.75,40,,375,,,8-10Y,,,,,,,False,2026-01-15,6,tshirts
20260321_161308,2026-03-21T16:13:08,37746974,U.S. Polo Assn. Men Pure Cotton Lounge T-Shirt,U.S. Polo Assn.,Lounge Tshirts,Men,699.0,699.0,0.0,4.239436626434326,71,,7,,,XXL,,,,,,,False,2025-10-30,7,tshirts
20260321_161308,2026-03-21T16:13:08,31354071,Van Heusen Women Cotton Relax Fit Lounge T-Shirt,Van Heusen,Lounge Tshirts,Women,499.0,499.0,0.0,4.275418281555176,777,,226,,,L,,,,,,,False,2024-10-17,8,tshirts
20260321_161308,2026-03-21T16:13:08,32573503,CORSICA Women Bio Finish Striped Round Neck Cotton Relaxed Fit T-shirt,CORSICA,Tshirts,Women,999.0,297.0,70.3,4.28781795501709,7470,,4740,,,S,,,,,,,False,2025-01-30,9,tshirts
20260321_161308,2026-03-21T16:13:08,33353185,Pepe Jeans Men Crew Neck Relaxed Fit Lounge Tshirt,Pepe Jeans,Lounge Tshirts,Men,799.0,487.0,39.0,4.474612712860107,2324,,11,,,L,,,,,,,False,2025-03-27,10,tshirts
20260321_161308,2026-03-21T16:13:08,40320334,Pantaloons Junior Boys Printed Polo Collared Short Sleeves T-shirt,Pantaloons Junior,Tshirts,Boys,399.0,399.0,0.0,4.493333339691162,75,,331,,,3-4Y,,,,,,,False,2026-02-26,11,tshirts
20260321_161308,2026-03-21T16:13:08,22204272,HELLCAT Boys Pack Of 3 Printed Cotton T-shirt,HELLCAT,Tshirts,Boys,3897.0,349.0,91.0,4.125712871551514,9291,,2,,,9-10Y,,,,,,,False,2023-04-27,12,tshirts
20260321_161308,2026-03-21T16:13:08,30462329,U.S. Polo Assn. Kids Sequinned Brand Logo Pure Cotton T-shirt,U.S. Polo Assn. Kids,Tshirts,Girls,899.0,369.0,59.0,4.586206912994385,29,,41,,,9-10Y,,,,,,,False,2025-02-27,13,tshirts
20260321_161308,2026-03-21T16:13:08,39272407,Marks & Spencer Pure Cotton V-Neck T-Shirt,Marks & Spencer,Tshirts,Women,799.0,719.0,10.0,4.230769157409668,65,,6,,,S,,,,,,,False,2026-01-08,14,tshirts
20260321_161308,2026-03-21T16:13:08,29459048,DILLINGER Women Graphic Printed Embossed Oversized T-shirt,DILLINGER,Tshirts,Women,1399.0,489.0,65.0,4.5398125648498535,8653,,27,,,L,,,,,,,False,2024-05-16,15,tshirts
20260321_161308,2026-03-21T16:13:08,39331404,H&M Fitted Cotton T-Shirt,H&M,Tshirts,Women,699.0,699.0,0.0,4.235635757446289,1723,,219,,,S,,,,,,,False,2026-01-08,16,tshirts
20260321_161308,2026-03-21T16:13:08,37624126,Dreamz by Pantaloons Women Striped Pure Cotton Lounge Tshirts,Dreamz by Pantaloons,Lounge Tshirts,Women,599.0,599.0,0.0,4.628571510314941,35,,21,,,XXL,,,,,,,False,2025-10-23,17,tshirts
20260321_161308,2026-03-21T16:13:08,35451383,DressBerry Graphic Printed Round Neck Oversized Cotton T-shirt,DressBerry,Tshirts,Women,999.0,289.0,71.1,4.28698205947876,1690,,1175,,,XL,,,,,,,False,2025-07-03,18,tshirts
20260321_161308,2026-03-21T16:13:08,35053929,DAMN GUD DG Unisex Black Tshirts,DAMN GUD DG,Tshirts,Unisex Kids,1000.0,499.0,50.1,3.9932432174682617,296,,335,,,1-2Y,,,,,,,False,2025-06-19,19,tshirts
20260321_161308,2026-03-21T16:13:08,14846686,Jockey Super Combed Cotton Rib Fabric Slim Fit Solid Racerback Styled Tank Top -1467,Jockey,Lounge Tshirts,Women,329.0,329.0,0.0,4.467394828796387,2929,,31,,,S,,,,,,,False,2021-07-15,20,tshirts
20260321_161308,2026-03-21T16:13:08,12027432,Levis Men Soft Pure Cotton Round Neck Half Sleeve Tshirt,Levis,Lounge Tshirts,Men,649.0,558.0,14.0,4.37515115737915,19872,,2377,,,L,,,,,,,False,2020-07-30,21,tshirts
20260321_161308,2026-03-21T16:13:08,31354058,Van Heusen Women Cotton Relax Fit Lounge T Shirt,Van Heusen,Lounge Tshirts,Women,499.0,499.0,0.0,4.293103218078613,754,,231,,,M,,,,,,,False,2024-10-17,22,tshirts
20260321_161308,2026-03-21T16:13:08,27873896,DILLINGER Graphic Printed Oversized Pure Cotton T-shirt,DILLINGER,Tshirts,Women,1399.0,489.0,65.0,4.538427352905273,6792,,61,,,M,,,,,,,False,2024-02-29,23,tshirts
20260321_161308,2026-03-21T16:13:08,25940116,HIGHLANDER Unisex Floral Printed Slim Fit T-shirt,HIGHLANDER,Tshirts,Unisex,1249.0,149.0,88.1,3.7317073345184326,41,,6,,,XS,,,,,,,False,2023-11-16,24,tshirts
20260321_161308,2026-03-21T16:13:08,33281220,Rigo Unisex Typography Printed Round Neck Cotton Oversized T-shirt,Rigo,Tshirts,Unisex,1599.0,448.0,72.0,4.055727481842041,323,,201,,,S,,,,,,,False,2025-03-20,25,tshirts
20260321_161308,2026-03-21T16:13:08,36964778,H&M Woman Fitted cotton T-shirt,H&M,Tshirts,Women,699.0,559.0,20.0,4.236248016357422,1727,,48,,,XXS,,,,,,,False,2025-09-11,26,tshirts
20260321_161308,2026-03-21T16:13:08,32762106,Pepe Jeans Men Crew Neck Relaxed Fit Lounge Tshirt,Pepe Jeans,Lounge Tshirts,Men,799.0,487.0,39.0,4.473321914672852,2324,,6,,,S,,,,,,,False,2025-02-13,27,tshirts
20260321_161308,2026-03-21T16:13:08,21831398,HRX by Hrithik Roshan Rapid-Dry Sports Training T-shirt,HRX by Hrithik Roshan,Tshirts,Women,799.0,327.0,59.1,4.389001846313477,4419,,257,,,M,,,,,,,False,2023-02-09,28,tshirts
20260321_161308,2026-03-21T16:13:08,35057131,DILLINGER Women's Acid Washed Oversized Puff Printed Tshirt,DILLINGER,Tshirts,Women,1399.0,643.0,54.0,4.3693695068359375,444,,16,,,XS,,,,,,,False,2025-06-26,29,tshirts
20260321_161308,2026-03-21T16:13:08,37776401,H&M Layered-Look T-Shirt,H&M,Tshirts,Women,499.0,369.0,26.1,4.210596084594727,755,,52,,,XXS,,,,,,,False,2025-11-06,30,tshirts
20260321_161308,2026-03-21T16:13:08,40656256,CULT Round Neck T-shirt,CULT,Tshirts,Women,999.0,499.0,50.1,4.75,8,,8,,,L,,,,,,,False,2026-03-12,31,tshirts
20260321_161308,2026-03-21T16:13:08,24110436,The Roadster Life Co. Striped Slim Fit Round Neck T-shirt,Roadster,Tshirts,Women,1099.0,296.0,73.1,4.236321449279785,859,,5,,,XXL,,,,,,,False,2023-12-14,32,tshirts
20260321_161308,2026-03-21T16:13:08,36573316,FIONAA TRENDZ Kids Black Tom & Jerry Printed Pure Cotton T-shirt,FIONAA TRENDZ,Tshirts,Unisex Kids,699.0,348.0,50.2,4.455445766448975,202,,164,,,6-7Y,,,,,,,False,2025-08-21,33,tshirts
20260321_161308,2026-03-21T16:13:08,13980360,Nap Chief Kids Unisex Reversible Black Harry Potter Sequinned Round Neck Cotton T-shirt,Nap Chief,Tshirts,Unisex Kids,990.0,520.0,47.5,4.6053056716918945,1847,,101,,,13-14Y,,,,,,,False,2021-03-25,34,tshirts
20260321_161308,2026-03-21T16:13:08,39010355,H&M Cotton T-Shirt,H&M,Tshirts,Women,699.0,699.0,0.0,4.647398948669434,173,,1460,,,S,,,,,,,False,2025-12-25,35,tshirts
20260321_161308,2026-03-21T16:13:08,35469309,KEESOR Girls Printed Cotton Tshirt,KEESOR,Tshirts,Girls,499.0,164.0,67.1,4.529972553253174,734,,29,,,5-6Y,,,,,,,False,2025-07-03,36,tshirts
20260321_161308,2026-03-21T16:13:08,13124922,Van Heusen Women Antibacterial Round Neck T-Shirt,Van Heusen,Lounge Tshirts,Women,919.0,753.0,18.1,4.488636493682861,176,,4,,,M,,,,,,,False,2021-11-25,37,tshirts
20260321_161308,2026-03-21T16:13:08,33178895,IN Love Women Printed Plus Size Cotton Longline Lounge Tshirts,IN Love,Lounge Tshirts,Women,1499.0,779.0,48.0,4.473684310913086,95,,2,,,3XL,,,,,,,False,2025-03-13,38,tshirts
20260321_161308,2026-03-21T16:13:08,32634483,CORSICA Women Bio Finish Graphic Printed Round Neck Cotton Oversized T-shirt,CORSICA,Tshirts,Women,1499.0,297.0,80.2,4.200943470001221,1060,,4968,,,XXL,,,,,,,False,2025-01-30,39,tshirts
20260321_161308,2026-03-21T16:13:08,25992760,Fabflee Women Graphic Printed Drop-Shoulder Sleeves Cotton Oversized T-Shirt,Fabflee,Tshirts,Women,1599.0,299.0,81.3,4.290910720825195,12069,,833,,,M,,,,,,,False,2023-11-16,40,tshirts
20260321_161308,2026-03-21T16:13:08,26852160,HIGHLANDER Floral Printed Slim Fit T-shirt,HIGHLANDER,Tshirts,Unisex,1249.0,249.0,80.1,3.799999952316284,40,,1,,,XL,,,,,,,False,2024-01-04,41,tshirts
20260321_161308,2026-03-21T16:13:08,39916460,H&M Motif-Detail T-shirt,H&M,Tshirts,Girls,699.0,699.0,0.0,0.0,0,,86,,,4-6Y,,,,,,,False,2026-02-05,42,tshirts
20260321_161308,2026-03-21T16:13:08,36743810,Dreamz by Pantaloons Women Pure Cotton Printed Lounge Tshirts,Dreamz by Pantaloons,Lounge Tshirts,Women,399.0,399.0,0.0,4.714285850524902,28,,23,,,XL,,,,,,,False,2025-08-28,43,tshirts
20260321_161308,2026-03-21T16:13:08,39272402,Marks & Spencer Pure Cotton V-Neck T-Shirt,Marks & Spencer,Tshirts,Women,799.0,719.0,10.0,4.2727274894714355,66,,24,,,XXL,,,,,,,False,2026-01-08,44,tshirts
20260321_161308,2026-03-21T16:13:08,30817782,DILLINGER Printed Oversized Pure Cotton T-shirt,DILLINGER,Tshirts,Women,1399.0,489.0,65.0,4.498059272766113,1546,,30,,,XS,,,,,,,False,2024-09-05,45,tshirts
20260321_161308,2026-03-21T16:13:08,40053123,H&M Printed Cotton T-Shirt,H&M,Tshirts,Boys,399.0,359.0,10.0,4.530303001403809,132,,218,,,14-15Y,,,,,,,False,2026-02-12,46,tshirts
20260321_161308,2026-03-21T16:13:08,35038126,Van Heusen Women Cotton Solid Relax Fit Lounge T Shirt,Van Heusen,Lounge Tshirts,Women,499.0,499.0,0.0,4.295487403869629,687,,41,,,M,,,,,,,False,2025-06-12,47,tshirts
20260321_161308,2026-03-21T16:13:08,38635231,H&M Cotton T-shirt,H&M,Tshirts,Women,499.0,499.0,0.0,4.606451511383057,155,,309,,,XL,,,,,,,False,2025-12-11,48,tshirts
20260321_161308,2026-03-21T16:13:08,35148182,DAMN GUD DG Black Cotton Tshirts,DAMN GUD DG,Tshirts,Unisex Kids,1000.0,499.0,50.1,4.151324272155762,793,,354,,,4-5Y,,,,,,,False,2025-06-26,49,tshirts
20260321_161308,2026-03-21T16:13:08,39664169,H&M Motif-Detail T-Shirt,H&M,Tshirts,Girls,699.0,629.0,10.0,4.625,16,,10,,,6-8Y,,,,,,,False,2026-01-29,50,tshirts
20260321_161318,2026-03-21T16:13:18,29553912,HRX by Hrithik Roshan Unisex Back To School Shoes,HRX by Hrithik Roshan,Casual Shoes,Unisex,3699.0,999.0,73.0,4.23036003112793,2444,496,30,553,"{""3"": 30, ""4"": 1, ""5"": 18, ""6"": 56, ""7"": 149, ""8"": 139, ""9"": 88, ""10"": 40, ""11"": 32}",UK11,,False,0,0,0,163,False,2024-05-16,1,sneakers
20260321_161318,2026-03-21T16:13:18,32455978,ONYC Unisex Kids Fashion,ONYC,Casual Shoes,Unisex Kids,899.0,494.0,45.1,4.6114959716796875,1444,268,44,3548,"{""9-12M"": 955, ""12-15M"": 0, ""15-18M"": 504, ""18-24M"": 233, ""2-2.5Y"": 633, ""2.5-3Y"": 172, ""3-3.5Y"": 44, ""3.5-4Y"": 351, ""4-4.5Y"": 656}",3-3.5Y,12-15M,False,0,0,0,66,False,2025-01-23,2,sneakers
20260321_161318,2026-03-21T16:13:18,33987430,U.S. Polo Assn. Men Colourblocked Sneakers,U.S. Polo Assn.,Casual Shoes,Men,3299.0,1550.0,53.0,4.383508682250977,12928,2688,753,10612,"{""6"": 647, ""7"": 971, ""8"": 2368, ""9"": 2940, ""10"": 2298, ""11"": 1388}",UK7,,False,0,0,0,605,False,2025-05-15,3,sneakers
20260321_161318,2026-03-21T16:13:18,40138328,Pantaloons Junior Girls Colourblocked PU Sneakers,Pantaloons Junior,Casual Shoes,Girls,799.0,799.0,0.0,4.199999809265137,5,2,57,458,"{""3-3.5Y"": 57, ""3.5-4Y"": 77, ""4-4.5Y"": 108, ""4.5-5Y"": 88, ""5-5.5Y"": 76, ""5.5-6Y"": 52}",3-3.5Y,,False,0,0,0,0,False,2026-02-12,4,sneakers
20260321_161318,2026-03-21T16:13:18,39233033,HOOH Now Comfort in Fashion Girls Elsa Printed Sneakers,HOOH Now Comfort in Fashion,Casual Shoes,Girls,1299.0,455.0,65.0,4.342696666717529,178,31,926,13077,"{""0-3M"": 993, ""3-6M"": 992, ""6-12M"": 969, ""12-18M"": 926, ""18-24M"": 943, ""2-2.5Y"": 951, ""2.5-3Y"": 936, ""3-3.5Y"": 934, ""3.5-4Y"": 904, ""4-4.5Y"": 0, ""4.5-5Y"": 0, ""5-5.5Y"": 0, ""5.5-6Y"": 0, ""6-6.5Y"": 933, ""6.5-7Y"": 923, ""7-8Y"": 875, ""8-9Y"": 899, ""9-10Y"": 899}",12-18M,"4-4.5Y,4.5-5Y,5-5.5Y,5.5-6Y",False,0,0,0,57,False,2026-01-01,5,sneakers
20260321_161318,2026-03-21T16:13:18,35215287,Crazyly LACOSET Girls Colourblocked Velcro Sneakers,Crazyly,Casual Shoes,Girls,1799.0,429.0,76.2,4.471231937408447,3563,674,841,9186,"{""15-18M"": 0, ""18-24M"": 848, ""2-2.5Y"": 867, ""2.5-3Y"": 988, ""3-3.5Y"": 898, ""3.5-4Y"": 871, ""4-4.5Y"": 883, ""4.5-5Y"": 841, ""5-6Y"": 986, ""6-7Y"": 395, ""7-8Y"": 790, ""8-9Y"": 819}",4.5-5Y,15-18M,False,0,0,0,88,False,2025-06-26,6,sneakers
20260321_161318,2026-03-21T16:13:18,34980422,Crazyly Boys Colourblocked Sneakers With Velcro,Crazyly,Casual Shoes,Boys,1799.0,429.0,76.2,4.470687389373779,3565,674,788,9448,"{""15-18M"": 0, ""18-24M"": 985, ""2-2.5Y"": 789, ""2.5-3Y"": 986, ""3-3.5Y"": 788, ""3.5-4Y"": 753, ""4-4.5Y"": 813, ""4.5-5Y"": 818, ""5-6Y"": 979, ""6-7Y"": 982, ""7-8Y"": 790, ""8-9Y"": 765}",3-3.5Y,15-18M,False,0,0,0,100,False,2025-06-19,7,sneakers
20260321_161318,2026-03-21T16:13:18,39078573,HOOH Now Comfort in Fashion Girls Frozen Printed Sneakers,HOOH Now Comfort in Fashion,Casual Shoes,Girls,1299.0,459.0,64.7,4.269103050231934,301,36,884,13229,"{""12-18M"": 987, ""18-24M"": 971, ""2-2.5Y"": 970, ""2.5-3Y"": 952, ""3-3.5Y"": 939, ""3.5-4Y"": 921, ""4-4.5Y"": 927, ""4.5-5Y"": 892, ""5-5.5Y"": 890, ""5.5-6Y"": 865, ""6-6.5Y"": 884, ""6.5-7Y"": 828, ""7-8Y"": 755, ""8-9Y"": 775, ""9-10Y"": 673}",6-6.5Y,,False,0,0,0,81,False,2025-12-25,8,sneakers
20260321_161318,2026-03-21T16:13:18,32064729,HRX by Hrithik Roshan Unisex Round Toe Lace-Ups Sneakers,HRX by Hrithik Roshan,Casual Shoes,Unisex,3399.0,999.0,70.6,4.292834758758545,321,72,22,147,"{""3"": 9, ""4"": 8, ""5"": 22, ""6"": 19, ""7"": 32, ""8"": 18, ""9"": 14, ""10"": 10, ""11"": 15}",UK5,,False,0,0,0,52,False,2024-12-26,9,sneakers
20260321_161318,2026-03-21T16:13:18,40138324,Pantaloons Junior Girls Colourblocked PU Sneakers,Pantaloons Junior,Casual Shoes,Girls,999.0,999.0,0.0,0.0,0,0,29,247,"{""6-6.5Y"": 74, ""6.5-7Y"": 34, ""7-8Y"": 40, ""8-9Y"": 23, ""9-10Y"": 29, ""10-11Y"": 47}",9-10Y,,False,0,0,0,0,False,2026-02-12,10,sneakers
20260321_161318,2026-03-21T16:13:18,39078571,HOOH Now Comfort in Fashion Girls Elsa Printed Sneakers,HOOH Now Comfort in Fashion,Casual Shoes,Girls,1299.0,459.0,64.7,4.264214038848877,299,36,962,14079,"{""12-18M"": 991, ""18-24M"": 987, ""2-2.5Y"": 986, ""2.5-3Y"": 974, ""3-3.5Y"": 971, ""3.5-4Y"": 962, ""4-4.5Y"": 953, ""4.5-5Y"": 949, ""5-5.5Y"": 959, ""5.5-6Y"": 927, ""6-6.5Y"": 946, ""6.5-7Y"": 914, ""7-8Y"": 865, ""8-9Y"": 865, ""9-10Y"": 830}",3.5-4Y,,False,0,0,0,57,False,2025-12-25,11,sneakers
20260321_161318,2026-03-21T16:13:18,21766804,Puma Smashic Women Comfort Casual Sneakers,Puma,Casual Shoes,Women,4499.0,1799.0,60.0,4.393539905548096,15541,2760,5152,20270,"{""3"": 1481, ""4"": 3383, ""5"": 5152, ""6"": 5461, ""7"": 4258, ""8"": 535}",UK5,,False,0,0,0,238,False,2023-01-26,12,sneakers
20260321_161318,2026-03-21T16:13:18,34982326,Crazyly Seltos Boys Round Toe Sneakers,Crazyly,Casual Shoes,Boys,1799.0,453.0,74.8,4.291719913482666,785,157,837,11796,"{""18-24M"": 964, ""2-2.5Y"": 974, ""2.5-3Y"": 954, ""3-3.5Y"": 957, ""3.5-4Y"": 940, ""4-4.5Y"": 934, ""4.5-5Y"": 907, ""5-6Y"": 855, ""6-7Y"": 838, ""7-8Y"": 837, ""8-9Y"": 878, ""9-10Y"": 894, ""10-11Y"": 864}",7-8Y,,False,0,0,0,0,False,2025-06-12,13,sneakers
20260321_161318,2026-03-21T16:13:18,35318526,max Girls Round Toe Velcro Sneaker,max,Casual Shoes,Girls,399.0,399.0,0.0,4.391396522521973,1418,276,342,1578,"{""3Y"": 151, ""3-3.5Y"": 248, ""3.5-4Y"": 272, ""4-5Y"": 296, ""5-5.5Y"": 269, ""5.5-6Y"": 342}",5.5-6Y,,False,0,0,0,56,False,2025-06-26,14,sneakers
20260321_161318,2026-03-21T16:13:18,36443792,Red Tape Down Town Dapper Men Colourblocked Lace-Ups Sneakers,Red Tape,Casual Shoes,Men,6499.0,1494.0,77.0,4.482783317565918,1394,364,218,1247,"{""6"": 485, ""7"": 107, ""8"": 329, ""9"": 321, ""10"": 5, ""11"": 0}",UK6,11,False,0,0,0,417,False,2025-08-14,15,sneakers
20260321_161318,2026-03-21T16:13:18,39549101,Pantaloons Junior Girls Colourblocked PU Sneakers,Pantaloons Junior,Casual Shoes,Girls,999.0,999.0,0.0,4.800000190734863,10,2,73,290,"{""6-6.5Y"": 43, ""6.5-7Y"": 35, ""7-8Y"": 43, ""8-9Y"": 46, ""9-10Y"": 50, ""10-11Y"": 73}",10-11Y,,False,0,0,0,0,False,2026-01-22,16,sneakers
20260321_161318,2026-03-21T16:13:18,39233024,HOOH Now Comfort in Fashion Girls Elsa Textured Sneakers,HOOH Now Comfort in Fashion,Casual Shoes,Girls,1299.0,455.0,65.0,4.342696666717529,178,31,994,13672,"{""0-3M"": 1000, ""3-6M"": 998, ""6-12M"": 994, ""12-18M"": 975, ""18-24M"": 989, ""2-2.5Y"": 982, ""2.5-3Y"": 980, ""3-3.5Y"": 983, ""3.5-4Y"": 956, ""4-4.5Y"": 0, ""4.5-5Y"": 0, ""5-5.5Y"": 0, ""5.5-6Y"": 0, ""6-6.5Y"": 965, ""6.5-7Y"": 978, ""7-8Y"": 964, ""8-9Y"": 955, ""9-10Y"": 953}",6-12M,"4-4.5Y,4.5-5Y,5-5.5Y,5.5-6Y",False,0,0,0,0,False,2026-01-01,17,sneakers
20260321_161318,2026-03-21T16:13:18,35747352,Red Tape Men Colourblocked PU Lace-Ups Sneakers,Red Tape,Casual Shoes,Men,6299.0,1448.0,77.0,4.392228603363037,1364,398,113,3113,"{""6"": 859, ""7"": 262, ""8"": 1378, ""9"": 612, ""10"": 2, ""11"": 0}",UK6,11,False,0,0,0,111,False,2025-07-10,18,sneakers
20260321_161318,2026-03-21T16:13:18,34980418,Crazyly Boys Velcro Colourblocked Sneakers,Crazyly,Casual Shoes,Boys,1799.0,429.0,76.2,4.470687389373779,3565,674,882,9941,"{""15-18M"": 0, ""18-24M"": 820, ""2-2.5Y"": 872, ""2.5-3Y"": 990, ""3-3.5Y"": 877, ""3.5-4Y"": 882, ""4-4.5Y"": 910, ""4.5-5Y"": 909, ""5-6Y"": 990, ""6-7Y"": 876, ""7-8Y"": 902, ""8-9Y"": 913}",3.5-4Y,15-18M,False,0,0,0,60,False,2025-06-12,19,sneakers
20260321_161318,2026-03-21T16:13:18,26219086,Liberty Force 10 Kids Black Velcro School Shoes,Liberty,Casual Shoes,Unisex Kids,799.0,431.0,46.1,4.237854957580566,3767,650,20,3220,"{""3-3.5Y"": 66, ""3.5-4Y"": 124, ""4.5-5.5Y"": 90, ""5-5.5Y"": 34, ""5.5-6Y"": 1, ""6.5-7Y"": 283, ""7-7.5Y"": 432, ""7.5-8Y"": 435, ""8-10Y"": 137, ""10-11Y"": 124, ""12-13Y"": 439, ""13-14Y"": 336, ""14-15Y"": 153, ""15-16Y"": 475, ""17Y"": 55, ""16-18Y"": 36}",7-7.5Y,,False,0,0,0,0,False,2023-11-30,20,sneakers
20260321_161318,2026-03-21T16:13:18,33276700,Red Tape Women Sneakers,Red Tape,Casual Shoes,Women,6099.0,1097.0,82.0,4.566440582275391,1031,269,357,7612,"{""3"": 313, ""4"": 1255, ""5"": 2436, ""6"": 2650, ""7"": 958}",UK5,,False,0,0,0,252,False,2025-03-20,21,sneakers
20260321_161318,2026-03-21T16:13:18,22973402,KazarMax Girls Colourblocked Shimmer Memory Foam Sneakers,KazarMax,Casual Shoes,Girls,2499.0,999.0,60.0,4.609403133392334,1106,143,98,816,"{""3-3.5Y"": 73, ""3.5-4Y"": 106, ""4-4.5Y"": 81, ""4.5-5Y"": 66, ""5-6Y"": 98, ""6-6.5Y"": 91, ""6.5-7Y"": 90, ""7-7.5Y"": 63, ""7.5-8Y"": 61, ""8-8.5Y"": 72, ""9-10Y"": 4, ""10-11Y"": 4, ""11-12Y"": 4, ""12-13Y"": 3}",5-6Y,,False,0,0,0,0,False,2023-04-27,22,sneakers
20260321_161318,2026-03-21T16:13:18,32158013,BIRDE Boys Slip-On Woven Design Flyknit Shoes,BIRDE,Casual Shoes,Boys,999.0,401.0,59.9,4.2694807052612305,616,122,477,3816,"{""4-4.5Y"": 488, ""4.5-5Y"": 485, ""5-5.5Y"": 477, ""7.5-8Y"": 467, ""8.5-9Y"": 487, ""9.5-10.5Y"": 479, ""10.5-11Y"": 469, ""11.5-12.5Y"": 464}",5-5.5Y,,False,0,0,0,51,False,2025-01-02,23,sneakers
20260321_161318,2026-03-21T16:13:18,25962938,HRX by Hrithik Roshan Men White Perforations Comfort Insole Basics Sneakers,HRX by Hrithik Roshan,Casual Shoes,Men,3699.0,999.0,73.0,4.025155544281006,14947,3038,51,260,"{""6"": 72, ""7"": 43, ""8"": 33, ""9"": 51, ""10"": 51, ""11"": 10}",UK10,,False,0,0,0,267,False,2023-11-16,24,sneakers
20260321_161318,2026-03-21T16:13:18,30113848,Red Tape Men Colourblocked Sneakers,Red Tape,Casual Shoes,Men,6799.0,1563.0,77.0,4.36415958404541,6953,1552,247,6690,"{""6"": 1312, ""7"": 506, ""8"": 2487, ""9"": 2214, ""10"": 171}",UK6,,False,0,0,0,221,False,2024-07-04,25,sneakers
20260321_161318,2026-03-21T16:13:18,33949583,Hopits Girls Blue Woven Design Velcro Round Toe Sneakers,Hopits,Casual Shoes,Girls,2999.0,1248.0,58.4,4.627551078796387,196,21,78,532,"{""3-3.5Y"": 78, ""3.5-4Y"": 61, ""4-4.5Y"": 46, ""4.5-5Y"": 0, ""5-6Y"": 65, ""6-6.5Y"": 73, ""6.5-7Y"": 32, ""7-7.5Y"": 71, ""7.5-8Y"": 38, ""8-8.5Y"": 68}",3-3.5Y,4.5-5Y,False,0,0,0,0,False,2025-05-01,26,sneakers
20260321_161318,2026-03-21T16:13:18,39233034,HOOH Now Comfort in Fashion Girls Frozen Textured Sneakers,HOOH Now Comfort in Fashion,Casual Shoes,Girls,1299.0,455.0,65.0,4.346368789672852,179,31,994,13677,"{""0-3M"": 998, ""3-6M"": 994, ""6-12M"": 984, ""12-18M"": 978, ""18-24M"": 977, ""2-2.5Y"": 979, ""2.5-3Y"": 975, ""3-3.5Y"": 982, ""3.5-4Y"": 967, ""4-4.5Y"": 0, ""4.5-5Y"": 0, ""5-5.5Y"": 0, ""5.5-6Y"": 0, ""6-6.5Y"": 963, ""6.5-7Y"": 982, ""7-8Y"": 968, ""8-9Y"": 967, ""9-10Y"": 963}",3-6M,"4-4.5Y,4.5-5Y,5-5.5Y,5.5-6Y",False,0,0,0,0,False,2026-01-01,27,sneakers
20260321_161318,2026-03-21T16:13:18,38265784,Shozie Girls Colourblocked Sneakers,Shozie,Casual Shoes,Girls,999.0,489.0,51.1,4.104650974273682,430,99,86,495,"{""11-12Y"": 56, ""12-13Y"": 86, ""13-14Y"": 73, ""14-15Y"": 95, ""15-16Y"": 92, ""16-17Y"": 93}",12-13Y,,False,0,0,0,0,False,2025-11-27,28,sneakers
20260321_161318,2026-03-21T16:13:18,31595780,BOYZ N GALZ Girls Textured PU Slip-On Sneakers,BOYZ N GALZ,Casual Shoes,Girls,1199.0,499.0,58.4,4.461538314819336,13,3,4,21,"{""1-1.5Y"": 4, ""1.5-2Y"": 2, ""2-2.5Y"": 3, ""2.5-3Y"": 2, ""3-3.5Y"": 1, ""3.5-4Y"": 0, ""4-4.5Y"": 4, ""4.5-5Y"": 0, ""5-5.5Y"": 2, ""6-6.5Y"": 2, ""6.5-7Y"": 0, ""7-8Y"": 1}",1-1.5Y,"3.5-4Y,4.5-5Y,6.5-7Y",False,0,0,0,0,False,2024-11-07,29,sneakers
20260321_161318,2026-03-21T16:13:18,39411454,Robbie Jones Men Colourblocked PU Sneakers,Robbie Jones,Casual Shoes,Men,1999.0,800.0,60.0,3.5840706825256348,113,11,421,2005,"{""6"": 421, ""7"": 373, ""8"": 360, ""9"": 415, ""10"": 436}",UK6,,False,0,0,0,269,False,2026-01-15,30,sneakers
20260321_161318,2026-03-21T16:13:18,39078575,HOOH Now Comfort in Fashion Unisex Kids Colourblocked Sneakers,HOOH Now Comfort in Fashion,Casual Shoes,Unisex Kids,1299.0,456.0,64.9,4.09846830368042,457,51,959,12458,"{""12-18M"": 895, ""18-24M"": 845, ""2-2.5Y"": 846, ""2.5-3Y"": 819, ""3-3.5Y"": 854, ""3.5-4Y"": 807, ""4-4.5Y"": 843, ""4.5-5Y"": 846, ""5-5.5Y"": 947, ""5.5-6Y"": 941, ""6-6.5Y"": 959, ""6.5-7Y"": 951, ""7-8Y"": 955, ""8-9Y"": 950, ""9-10Y"": 0}",6-6.5Y,9-10Y,False,0,0,0,67,False,2025-12-25,31,sneakers
20260321_161318,2026-03-21T16:13:18,37839861,Pantaloons Baby Boys Colourblocked PU Sneakers,Pantaloons Baby,Casual Shoes,Boys,599.0,599.0,0.0,3.133333444595337,45,6,5,81,"{""0-1.5M"": 14, ""1.5-3M"": 13, ""3-6M"": 6, ""6-9M"": 0, ""9-12M"": 0, ""12-18M"": 0, ""18-24M"": 28, ""2-2.5Y"": 15, ""2.5-3Y"": 5}",2.5-3Y,"6-9M,9-12M,12-18M",False,0,0,0,0,False,2025-11-06,32,sneakers
20260321_161318,2026-03-21T16:13:18,24919920,Puma Carina Slim Perf Women Sneakers,Puma,Casual Shoes,Women,4499.0,1799.0,60.0,4.334214687347412,12100,2017,1002,8052,"{""3"": 1002, ""4"": 2596, ""5"": 2302, ""6"": 1742, ""7"": 410, ""8"": 0}",UK3,8,False,0,0,0,192,False,2023-09-07,33,sneakers
20260321_161318,2026-03-21T16:13:18,30396659,ASIAN Men Colourblocked Round Toe Mid-Top Sneakers,ASIAN,Casual Shoes,Men,1499.0,704.0,53.0,3.9791200160980225,14751,3567,82,10626,"{""6"": 2829, ""7"": 4480, ""8"": 2533, ""9"": 529, ""10"": 255}",UK6,,False,0,0,0,737,False,2024-07-25,34,sneakers
20260321_161318,2026-03-21T16:13:18,27083406,BAESD Kids Colourblocked LED Sneakers,BAESD,Casual Shoes,Unisex Kids,2000.0,361.0,82.0,4.392831802368164,2818,519,879,4961,"{""1.5-2Y"": 699, ""2-2.5Y"": 819, ""2.5-3Y"": 841, ""3-3.5Y"": 879, ""3.5-4Y"": 887, ""4-4.5Y"": 836}",3-3.5Y,,False,0,0,0,66,False,2024-01-18,35,sneakers
20260321_161318,2026-03-21T16:13:18,20143948,Roadster Men Black Colourblocked Casual Textile Sneakers,Roadster,Casual Shoes,Men,3795.0,998.0,73.7,3.8487420082092285,3299,673,68,448,"{""6"": 33, ""7"": 48, ""8"": 122, ""9"": 122, ""10"": 68, ""11"": 55}",UK10,,False,0,0,0,71,False,2022-09-22,36,sneakers
20260321_161318,2026-03-21T16:13:18,35363203,Bubblegummers Girls Slip-On Sneakers,Bubblegummers,Casual Shoes,Girls,499.0,449.0,10.0,4.441860675811768,43,4,671,3603,"{""1-1.5Y"": 0, ""1.5-2Y"": 0, ""2-2.5Y"": 671, ""2.5-3Y"": 692, ""3-3.5Y"": 668, ""3.5-4Y"": 768, ""4-5Y"": 804}",2-2.5Y,"1-1.5Y,1.5-2Y",False,0,0,0,0,False,2025-07-03,37,sneakers
20260321_161318,2026-03-21T16:13:18,33392880,Pantaloons Junior Boys Textured PU Sneakers,Pantaloons Junior,Casual Shoes,Boys,999.0,849.0,15.0,4.261904716491699,42,8,1,15,"{""3-3.5Y"": 1, ""3.5-4Y"": 5, ""4-4.5Y"": 2, ""4.5-5Y"": 0, ""5-5.5Y"": 5, ""5.5-6Y"": 2}",3-3.5Y,4.5-5Y,False,0,0,0,0,False,2025-03-27,38,sneakers
20260321_161318,2026-03-21T16:13:18,39641562,Pantaloons Junior Boys Colourblocked PU Sneakers,Pantaloons Junior,Casual Shoes,Boys,999.0,999.0,0.0,4.888888835906982,9,3,33,156,"{""3-3.5Y"": 45, ""3.5-4Y"": 33, ""4-4.5Y"": 19, ""4.5-5Y"": 22, ""5-5.5Y"": 28, ""5.5-6Y"": 9}",3.5-4Y,,False,0,0,0,0,False,2026-01-22,39,sneakers
20260321_161318,2026-03-21T16:13:18,39641564,Pantaloons Junior Girls Colourblocked PU Sneakers,Pantaloons Junior,Casual Shoes,Girls,999.0,999.0,0.0,4.888888835906982,9,1,25,230,"{""3-3.5Y"": 46, ""3.5-4Y"": 42, ""4-4.5Y"": 58, ""4.5-5Y"": 33, ""5-5.5Y"": 25, ""5.5-6Y"": 26}",5-5.5Y,,False,0,0,0,0,False,2026-01-22,40,sneakers
20260321_161318,2026-03-21T16:13:18,39852889,Crazyly Boys Colourblocked Sneakers,Crazyly,Casual Shoes,Boys,1899.0,381.0,79.9,4.3125,32,5,973,4898,"{""18-24M"": 973, ""2-2.5Y"": 983, ""2.5-3Y"": 978, ""3-3.5Y"": 988, ""3.5-4Y"": 976, ""4-4.5Y"": 0}",18-24M,4-4.5Y,False,0,0,0,0,False,2026-02-05,41,sneakers
20260321_161318,2026-03-21T16:13:18,22973394,KazarMax Girls Colourblocked Memory Foam Sneakers,KazarMax,Casual Shoes,Girls,2499.0,985.0,60.6,4.610961437225342,1113,145,75,611,"{""3-3.5Y"": 75, ""3.5-4Y"": 41, ""4-4.5Y"": 62, ""4.5-5Y"": 57, ""5-6Y"": 75, ""6-6.5Y"": 65, ""6.5-7Y"": 38, ""7-7.5Y"": 75, ""7.5-8Y"": 53, ""8-8.5Y"": 62, ""9-10Y"": 7, ""10-11Y"": 0, ""11-12Y"": 1, ""12-13Y"": 0}",3-3.5Y,"10-11Y,12-13Y",False,0,0,0,0,False,2023-05-04,42,sneakers
20260321_161318,2026-03-21T16:13:18,38178651,KazarMax Girls Printed Sneakers,KazarMax,Casual Shoes,Girls,2499.0,1199.0,52.0,4.611161231994629,1111,145,61,543,"{""3.5-4Y"": 65, ""4-4.5Y"": 71, ""4.5-5Y"": 65, ""5-6Y"": 58, ""6-6.5Y"": 65, ""6.5-7Y"": 54, ""7-7.5Y"": 61, ""7.5-8Y"": 57, ""8-8.5Y"": 47}",7-7.5Y,,False,0,0,0,0,False,2025-11-20,43,sneakers
20260321_161318,2026-03-21T16:13:18,38299997,Bata Boys PU Slip-On Sneakers,Bata,Casual Shoes,Boys,999.0,899.0,10.0,3.9166667461395264,12,0,386,1449,"{""9-10Y"": 384, ""11-12Y"": 386, ""13-14Y"": 352, ""14-15Y"": 327}",11-12Y,,False,0,0,0,0,False,2025-11-27,44,sneakers
20260321_161318,2026-03-21T16:13:18,32158016,BIRDE Boys Slip-On Flyknit Shoes,BIRDE,Casual Shoes,Boys,999.0,401.0,59.9,4.097345352172852,113,20,494,3963,"{""4-4.5Y"": 499, ""4.5-5Y"": 499, ""5-5.5Y"": 495, ""7.5-8Y"": 492, ""8.5-9Y"": 497, ""9.5-10.5Y"": 494, ""10.5-11Y"": 495, ""11.5-12.5Y"": 492}",9.5-10.5Y,,False,0,0,0,0,False,2025-01-02,45,sneakers
20260321_161318,2026-03-21T16:13:18,35167384,Crazyly Boys Round Toe Sneakers,Crazyly,Casual Shoes,Boys,1799.0,483.0,73.2,4.295629978179932,778,157,912,12361,"{""18-24M"": 983, ""2-2.5Y"": 975, ""2.5-3Y"": 982, ""3-3.5Y"": 985, ""3.5-4Y"": 967, ""4-4.5Y"": 967, ""4.5-5Y"": 956, ""5-6Y"": 912, ""6-7Y"": 918, ""7-8Y"": 911, ""8-9Y"": 946, ""9-10Y"": 940, ""10-11Y"": 919}",5-6Y,,False,0,0,0,0,False,2025-06-19,46,sneakers
20260321_161318,2026-03-21T16:13:18,32158012,BIRDE Boys Round Toe Flyknit Slip-On Sneakers,BIRDE,Casual Shoes,Boys,999.0,401.0,59.9,4.269043922424316,617,122,491,3940,"{""4-4.5Y"": 493, ""4.5-5Y"": 492, ""5-5.5Y"": 491, ""7.5-8Y"": 489, ""8.5-9Y"": 493, ""9.5-10.5Y"": 495, ""10.5-11Y"": 491, ""11.5-12.5Y"": 496}",5-5.5Y,,False,0,0,0,0,False,2025-01-02,47,sneakers
20260321_161318,2026-03-21T16:13:18,25776488,HRX by Hrithik Roshan Men Black & White Perforations Comfort Insole Sneakers,HRX by Hrithik Roshan,Casual Shoes,Men,3699.0,999.0,73.0,4.025351047515869,14950,3039,67,636,"{""6"": 113, ""7"": 73, ""8"": 149, ""9"": 212, ""10"": 73, ""11"": 16}",UK7,,False,0,0,0,130,False,2023-11-02,48,sneakers
20260321_161318,2026-03-21T16:13:18,39439254,LMG Lifestyle Girls Elsa Textured Sneakers,LMG Lifestyle,Casual Shoes,Girls,2999.0,499.0,83.4,4.5714287757873535,7,2,992,5951,"{""12-18M"": 992, ""18-24M"": 992, ""2-2.5Y"": 992, ""2.5-3Y"": 994, ""3-3.5Y"": 993, ""3.5-4Y"": 988}",12-18M,,False,0,0,0,0,False,2026-01-15,49,sneakers
20260321_161318,2026-03-21T16:13:18,32505497,ONYC Unisex Kids Woven Design Sneakers,ONYC,Casual Shoes,Unisex Kids,899.0,545.0,39.4,4.669441223144531,841,147,159,3573,"{""9-12M"": 1548, ""12-15M"": 565, ""15-18M"": 22, ""18-24M"": 105, ""2-2.5Y"": 305, ""2.5-3Y"": 84, ""3-3.5Y"": 159, ""3.5-4Y"": 626, ""4-4.5Y"": 159}",4-4.5Y,,False,0,0,0,54,False,2025-01-23,50,sneakers
