run_id,timestamp,product_id,name,brand,category,gender,mrp,price,discount_pct,rating,rating_count,daily_units_est,monthly_units_est,net_daily_units_est,net_monthly_units_est,confidence,est_method,signal_breakdown,inv_depletion_daily,rating_vel_daily,rank_score_daily,urgency_daily,keyword,position,is_ad
20260321_161308,2026-03-21T16:13:08,39272406,Marks & Spencer Pure Cotton V-Neck T-Shirt,Marks & Spencer,Tshirts,Women,799.0,559.0,30.0,4.2835822105407715,67,200.0,6000.0,140.0,4200.0,low,rank_only,"{""rank_score"": 200.0}",0.0,0.0,200.0,0.0,tshirts,1,False
20260321_161308,2026-03-21T16:13:08,12027436,Levis Men Soft Pure Cotton Round Neck Half Sleeve Tshirt,Levis,Lounge Tshirts,Men,649.0,584.0,10.0,4.37544059753418,19870,177.4,5322.0,124.2,3726.0,low,rank_only,"{""rank_score"": 177.4}",0.0,0.0,177.4,0.0,tshirts,2,False
20260321_161308,2026-03-21T16:13:08,35508616,KEESOR Girls Pack Of 3 Cotton Tshirts,KEESOR,Tshirts,Girls,699.0,314.0,55.1,4.267148017883301,554,157.3,4719.0,110.1,3303.0,low,rank_only,"{""rank_score"": 157.3}",0.0,0.0,157.3,0.0,tshirts,3,False
20260321_161308,2026-03-21T16:13:08,40733470,dostitch Boys Polyester Tshirts,dostitch,Tshirts,Boys,999.0,499.0,50.1,0.0,0,139.5,4185.0,97.6,2928.0,low,rank_only,"{""rank_score"": 139.5}",0.0,0.0,139.5,0.0,tshirts,4,False
20260321_161308,2026-03-21T16:13:08,29961765,DILLINGER Graphic Printed Relaxed Fit Pure Cotton T-shirt,DILLINGER,Tshirts,Women,1399.0,489.0,65.0,4.568906784057617,8780,123.8,3714.0,86.7,2601.0,low,rank_only,"{""rank_score"": 123.8}",0.0,0.0,123.8,0.0,tshirts,5,False
20260321_161308,2026-03-21T16:13:08,39450078,H&M Girls Motif-Detail T-Shirt,H&M,Tshirts,Girls,699.0,629.0,10.0,4.75,40,109.8,3294.0,76.9,2307.0,low,rank_only,"{""rank_score"": 109.8}",0.0,0.0,109.8,0.0,tshirts,6,False
20260321_161308,2026-03-21T16:13:08,37746974,U.S. Polo Assn. Men Pure Cotton Lounge T-Shirt,U.S. Polo Assn.,Lounge Tshirts,Men,699.0,699.0,0.0,4.239436626434326,71,97.4,2922.0,68.2,2046.0,low,rank_only,"{""rank_score"": 97.4}",0.0,0.0,97.4,0.0,tshirts,7,False
20260321_161308,2026-03-21T16:13:08,31354071,Van Heusen Women Cotton Relax Fit Lounge T-Shirt,Van Heusen,Lounge Tshirts,Women,499.0,499.0,0.0,4.275418281555176,777,86.3,2589.0,60.4,1812.0,low,rank_only,"{""rank_score"": 86.3}",0.0,0.0,86.3,0.0,tshirts,8,False
20260321_161308,2026-03-21T16:13:08,32573503,CORSICA Women Bio Finish Striped Round Neck Cotton Relaxed Fit T-shirt,CORSICA,Tshirts,Women,999.0,297.0,70.3,4.28781795501709,7470,76.6,2298.0,53.6,1608.0,low,rank_only,"{""rank_score"": 76.6}",0.0,0.0,76.6,0.0,tshirts,9,False
20260321_161308,2026-03-21T16:13:08,33353185,Pepe Jeans Men Crew Neck Relaxed Fit Lounge Tshirt,Pepe Jeans,Lounge Tshirts,Men,799.0,487.0,39.0,4.474612712860107,2324,67.9,2037.0,47.5,1425.0,low,rank_only,"{""rank_score"": 67.9}",0.0,0.0,67.9,0.0,tshirts,10,False
20260321_161308,2026-03-21T16:13:08,40320334,Pantaloons Junior Boys Printed Polo Collared Short Sleeves T-shirt,Pantaloons Junior,Tshirts,Boys,399.0,399.0,0.0,4.493333339691162,75,60.2,1806.0,42.1,1263.0,low,rank_only,"{""rank_score"": 60.2}",0.0,0.0,60.2,0.0,tshirts,11,False
20260321_161308,2026-03-21T16:13:08,22204272,HELLCAT Boys Pack Of 3 Printed Cotton T-shirt,HELLCAT,Tshirts,Boys,3897.0,349.0,91.0,4.125712871551514,9291,53.4,1602.0,37.4,1122.0,low,rank_only,"{""rank_score"": 53.4}",0.0,0.0,53.4,0.0,tshirts,12,False
20260321_161308,2026-03-21T16:13:08,30462329,U.S. Polo Assn. Kids Sequinned Brand Logo Pure Cotton T-shirt,U.S. Polo Assn. Kids,Tshirts,Girls,899.0,369.0,59.0,4.586206912994385,29,47.4,1422.0,33.2,996.0,low,rank_only,"{""rank_score"": 47.4}",0.0,0.0,47.4,0.0,tshirts,13,False
20260321_161308,2026-03-21T16:13:08,39272407,Marks & Spencer Pure Cotton V-Neck T-Shirt,Marks & Spencer,Tshirts,Women,799.0,719.0,10.0,4.230769157409668,65,42.0,1260.0,29.4,882.0,low,rank_only,"{""rank_score"": 42.0}",0.0,0.0,42.0,0.0,tshirts,14,False
20260321_161308,2026-03-21T16:13:08,29459048,DILLINGER Women Graphic Printed Embossed Oversized T-shirt,DILLINGER,Tshirts,Women,1399.0,489.0,65.0,4.5398125648498535,8653,37.3,1119.0,26.1,783.0,low,rank_only,"{""rank_score"": 37.3}",0.0,0.0,37.3,0.0,tshirts,15,False
20260321_161308,2026-03-21T16:13:08,39331404,H&M Fitted Cotton T-Shirt,H&M,Tshirts,Women,699.0,699.0,0.0,4.235635757446289,1723,33.1,993.0,23.2,696.0,low,rank_only,"{""rank_score"": 33.1}",0.0,0.0,33.1,0.0,tshirts,16,False
20260321_161308,2026-03-21T16:13:08,37624126,Dreamz by Pantaloons Women Striped Pure Cotton Lounge Tshirts,Dreamz by Pantaloons,Lounge Tshirts,Women,599.0,599.0,0.0,4.628571510314941,35,29.3,879.0,20.5,615.0,low,rank_only,"{""rank_score"": 29.3}",0.0,0.0,29.3,0.0,tshirts,17,False
20260321_161308,2026-03-21T16:13:08,35451383,DressBerry Graphic Printed Round Neck Oversized Cotton T-shirt,DressBerry,Tshirts,Women,999.0,289.0,71.1,4.28698205947876,1690,26.0,780.0,18.2,546.0,low,rank_only,"{""rank_score"": 26.0}",0.0,0.0,26.0,0.0,tshirts,18,False
20260321_161308,2026-03-21T16:13:08,35053929,DAMN GUD DG Unisex Black Tshirts,DAMN GUD DG,Tshirts,Unisex Kids,1000.0,499.0,50.1,3.9932432174682617,296,23.1,693.0,16.2,486.0,low,rank_only,"{""rank_score"": 23.1}",0.0,0.0,23.1,0.0,tshirts,19,False
20260321_161308,2026-03-21T16:13:08,14846686,Jockey Super Combed Cotton Rib Fabric Slim Fit Solid Racerback Styled Tank Top -1467,Jockey,Lounge Tshirts,Women,329.0,329.0,0.0,4.467394828796387,2929,20.5,615.0,14.3,429.0,low,rank_only,"{""rank_score"": 20.5}",0.0,0.0,20.5,0.0,tshirts,20,False
20260321_161308,2026-03-21T16:13:08,12027432,Levis Men Soft Pure Cotton Round Neck Half Sleeve Tshirt,Levis,Lounge Tshirts,Men,649.0,558.0,14.0,4.37515115737915,19872,18.1,543.0,12.7,381.0,low,rank_only,"{""rank_score"": 18.1}",0.0,0.0,18.1,0.0,tshirts,21,False
20260321_161308,2026-03-21T16:13:08,31354058,Van Heusen Women Cotton Relax Fit Lounge T Shirt,Van Heusen,Lounge Tshirts,Women,499.0,499.0,0.0,4.293103218078613,754,16.1,483.0,11.3,339.0,low,rank_only,"{""rank_score"": 16.1}",0.0,0.0,16.1,0.0,tshirts,22,False
20260321_161308,2026-03-21T16:13:08,27873896,DILLINGER Graphic Printed Oversized Pure Cotton T-shirt,DILLINGER,Tshirts,Women,1399.0,489.0,65.0,4.538427352905273,6792,14.3,429.0,10.0,300.0,low,rank_only,"{""rank_score"": 14.3}",0.0,0.0,14.3,0.0,tshirts,23,False
20260321_161308,2026-03-21T16:13:08,25940116,HIGHLANDER Unisex Floral Printed Slim Fit T-shirt,HIGHLANDER,Tshirts,Unisex,1249.0,149.0,88.1,3.7317073345184326,41,12.7,381.0,8.9,267.0,low,rank_only,"{""rank_score"": 12.7}",0.0,0.0,12.7,0.0,tshirts,24,False
20260321_161308,2026-03-21T16:13:08,33281220,Rigo Unisex Typography Printed Round Neck Cotton Oversized T-shirt,Rigo,Tshirts,Unisex,1599.0,448.0,72.0,4.055727481842041,323,11.2,336.0,7.8,234.0,low,rank_only,"{""rank_score"": 11.2}",0.0,0.0,11.2,0.0,tshirts,25,False
20260321_161308,2026-03-21T16:13:08,36964778,H&M Woman Fitted cotton T-shirt,H&M,Tshirts,Women,699.0,559.0,20.0,4.236248016357422,1727,10.0,300.0,7.0,210.0,low,rank_only,"{""rank_score"": 10.0}",0.0,0.0,10.0,0.0,tshirts,26,False
20260321_161308,2026-03-21T16:13:08,32762106,Pepe Jeans Men Crew Neck Relaxed Fit Lounge Tshirt,Pepe Jeans,Lounge Tshirts,Men,799.0,487.0,39.0,4.473321914672852,2324,8.8,264.0,6.2,186.0,low,rank_only,"{""rank_score"": 8.8}",0.0,0.0,8.8,0.0,tshirts,27,False
20260321_161308,2026-03-21T16:13:08,21831398,HRX by Hrithik Roshan Rapid-Dry Sports Training T-shirt,HRX by Hrithik Roshan,Tshirts,Women,799.0,327.0,59.1,4.389001846313477,4419,7.8,234.0,5.5,165.0,low,rank_only,"{""rank_score"": 7.8}",0.0,0.0,7.8,0.0,tshirts,28,False
20260321_161308,2026-03-21T16:13:08,35057131,DILLINGER Women's Acid Washed Oversized Puff Printed Tshirt,DILLINGER,Tshirts,Women,1399.0,643.0,54.0,4.3693695068359375,444,6.9,207.0,4.8,144.0,low,rank_only,"{""rank_score"": 6.9}",0.0,0.0,6.9,0.0,tshirts,29,False
20260321_161308,2026-03-21T16:13:08,37776401,H&M Layered-Look T-Shirt,H&M,Tshirts,Women,499.0,369.0,26.1,4.210596084594727,755,6.2,186.0,4.3,129.0,low,rank_only,"{""rank_score"": 6.2}",0.0,0.0,6.2,0.0,tshirts,30,False
20260321_161308,2026-03-21T16:13:08,40656256,CULT Round Neck T-shirt,CULT,Tshirts,Women,999.0,499.0,50.1,4.75,8,5.5,165.0,3.8,114.0,low,rank_only,"{""rank_score"": 5.5}",0.0,0.0,5.5,0.0,tshirts,31,False
20260321_161308,2026-03-21T16:13:08,24110436,The Roadster Life Co. Striped Slim Fit Round Neck T-shirt,Roadster,Tshirts,Women,1099.0,296.0,73.1,4.236321449279785,859,4.8,144.0,3.4,102.0,low,rank_only,"{""rank_score"": 4.8}",0.0,0.0,4.8,0.0,tshirts,32,False
20260321_161308,2026-03-21T16:13:08,36573316,FIONAA TRENDZ Kids Black Tom & Jerry Printed Pure Cotton T-shirt,FIONAA TRENDZ,Tshirts,Unisex Kids,699.0,348.0,50.2,4.455445766448975,202,4.3,129.0,3.0,90.0,low,rank_only,"{""rank_score"": 4.3}",0.0,0.0,4.3,0.0,tshirts,33,False
20260321_161308,2026-03-21T16:13:08,13980360,Nap Chief Kids Unisex Reversible Black Harry Potter Sequinned Round Neck Cotton T-shirt,Nap Chief,Tshirts,Unisex Kids,990.0,520.0,47.5,4.6053056716918945,1847,3.8,114.0,2.7,81.0,low,rank_only,"{""rank_score"": 3.8}",0.0,0.0,3.8,0.0,tshirts,34,False
20260321_161308,2026-03-21T16:13:08,39010355,H&M Cotton T-Shirt,H&M,Tshirts,Women,699.0,699.0,0.0,4.647398948669434,173,3.4,102.0,2.4,72.0,low,rank_only,"{""rank_score"": 3.4}",0.0,0.0,3.4,0.0,tshirts,35,False
20260321_161308,2026-03-21T16:13:08,35469309,KEESOR Girls Printed Cotton Tshirt,KEESOR,Tshirts,Girls,499.0,164.0,67.1,4.529972553253174,734,3.0,90.0,2.1,63.0,low,rank_only,"{""rank_score"": 3.0}",0.0,0.0,3.0,0.0,tshirts,36,False
20260321_161308,2026-03-21T16:13:08,13124922,Van Heusen Women Antibacterial Round Neck T-Shirt,Van Heusen,Lounge Tshirts,Women,919.0,753.0,18.1,4.488636493682861,176,2.7,81.0,1.9,57.0,low,rank_only,"{""rank_score"": 2.7}",0.0,0.0,2.7,0.0,tshirts,37,False
20260321_161308,2026-03-21T16:13:08,33178895,IN Love Women Printed Plus Size Cotton Longline Lounge Tshirts,IN Love,Lounge Tshirts,Women,1499.0,779.0,48.0,4.473684310913086,95,2.4,72.0,1.7,51.0,low,rank_only,"{""rank_score"": 2.4}",0.0,0.0,2.4,0.0,tshirts,38,False
20260321_161308,2026-03-21T16:13:08,32634483,CORSICA Women Bio Finish Graphic Printed Round Neck Cotton Oversized T-shirt,CORSICA,Tshirts,Women,1499.0,297.0,80.2,4.200943470001221,1060,2.1,63.0,1.5,45.0,low,rank_only,"{""rank_score"": 2.1}",0.0,0.0,2.1,0.0,tshirts,39,False
20260321_161308,2026-03-21T16:13:08,25992760,Fabflee Women Graphic Printed Drop-Shoulder Sleeves Cotton Oversized T-Shirt,Fabflee,Tshirts,Women,1599.0,299.0,81.3,4.290910720825195,12069,1.9,57.0,1.3,39.0,low,rank_only,"{""rank_score"": 1.9}",0.0,0.0,1.9,0.0,tshirts,40,False
20260321_161308,2026-03-21T16:13:08,26852160,HIGHLANDER Floral Printed Slim Fit T-shirt,HIGHLANDER,Tshirts,Unisex,1249.0,249.0,80.1,3.799999952316284,40,1.6,48.0,1.1,33.0,low,rank_only,"{""rank_score"": 1.6}",0.0,0.0,1.6,0.0,tshirts,41,False
20260321_161308,2026-03-21T16:13:08,39916460,H&M Motif-Detail T-shirt,H&M,Tshirts,Girls,699.0,699.0,0.0,0.0,0,1.5,45.0,1.0,30.0,low,rank_only,"{""rank_score"": 1.5}",0.0,0.0,1.5,0.0,tshirts,42,False
20260321_161308,2026-03-21T16:13:08,36743810,Dreamz by Pantaloons Women Pure Cotton Printed Lounge Tshirts,Dreamz by Pantaloons,Lounge Tshirts,Women,399.0,399.0,0.0,4.714285850524902,28,1.3,39.0,0.9,27.0,low,rank_only,"{""rank_score"": 1.3}",0.0,0.0,1.3,0.0,tshirts,43,False
20260321_161308,2026-03-21T16:13:08,39272402,Marks & Spencer Pure Cotton V-Neck T-Shirt,Marks & Spencer,Tshirts,Women,799.0,719.0,10.0,4.2727274894714355,66,1.1,33.0,0.8,24.0,low,rank_only,"{""rank_score"": 1.1}",0.0,0.0,1.1,0.0,tshirts,44,False
20260321_161308,2026-03-21T16:13:08,30817782,DILLINGER Printed Oversized Pure Cotton T-shirt,DILLINGER,Tshirts,Women,1399.0,489.0,65.0,4.498059272766113,1546,1.0,30.0,0.7,21.0,low,rank_only,"{""rank_score"": 1.0}",0.0,0.0,1.0,0.0,tshirts,45,False
20260321_161308,2026-03-21T16:13:08,40053123,H&M Printed Cotton T-Shirt,H&M,Tshirts,Boys,399.0,359.0,10.0,4.530303001403809,132,0.9,27.0,0.6,18.0,low,rank_only,"{""rank_score"": 0.9}",0.0,0.0,0.9,0.0,tshirts,46,False
20260321_161308,2026-03-21T16:13:08,35038126,Van Heusen Women Cotton Solid Relax Fit Lounge T Shirt,Van Heusen,Lounge Tshirts,Women,499.0,499.0,0.0,4.295487403869629,687,0.8,24.0,0.6,18.0,low,rank_only,"{""rank_score"": 0.8}",0.0,0.0,0.8,0.0,tshirts,47,False
20260321_161308,2026-03-21T16:13:08,38635231,H&M Cotton T-shirt,H&M,Tshirts,Women,499.0,499.0,0.0,4.606451511383057,155,0.7,21.0,0.5,15.0,low,rank_only,"{""rank_score"": 0.7}",0.0,0.0,0.7,0.0,tshirts,48,False
20260321_161308,2026-03-21T16:13:08,35148182,DAMN GUD DG Black Cotton Tshirts,DAMN GUD DG,Tshirts,Unisex Kids,1000.0,499.0,50.1,4.151324272155762,793,0.6,18.0,0.4,12.0,low,rank_only,"{""rank_score"": 0.6}",0.0,0.0,0.6,0.0,tshirts,49,False
20260321_161308,2026-03-21T16:13:08,39664169,H&M Motif-Detail T-Shirt,H&M,Tshirts,Girls,699.0,629.0,10.0,4.625,16,0.6,18.0,0.4,12.0,low,rank_only,"{""rank_score"": 0.6}",0.0,0.0,0.6,0.0,tshirts,50,False
20260321_161318,2026-03-21T16:13:18,29553912,HRX by Hrithik Roshan Unisex Back To School Shoes,HRX by Hrithik Roshan,Casual Shoes,Unisex,3699.0,999.0,73.0,4.23036003112793,2444,200.0,6000.0,140.0,4200.0,low,rank_only,"{""rank_score"": 200.0}",0.0,0.0,200.0,0.0,sneakers,1,False
20260321_161318,2026-03-21T16:13:18,32455978,ONYC Unisex Kids Fashion,ONYC,Casual Shoes,Unisex Kids,899.0,494.0,45.1,4.6114959716796875,1444,177.4,5322.0,124.2,3726.0,low,rank_only,"{""rank_score"": 177.4}",0.0,0.0,177.4,0.0,sneakers,2,False
20260321_161318,2026-03-21T16:13:18,33987430,U.S. Polo Assn. Men Colourblocked Sneakers,U.S. Polo Assn.,Casual Shoes,Men,3299.0,1550.0,53.0,4.383508682250977,12928,157.3,4719.0,110.1,3303.0,low,rank_only,"{""rank_score"": 157.3}",0.0,0.0,157.3,0.0,sneakers,3,False
20260321_161318,2026-03-21T16:13:18,40138328,Pantaloons Junior Girls Colourblocked PU Sneakers,Pantaloons Junior,Casual Shoes,Girls,799.0,799.0,0.0,4.199999809265137,5,139.5,4185.0,97.6,2928.0,low,rank_only,"{""rank_score"": 139.5}",0.0,0.0,139.5,0.0,sneakers,4,False
20260321_161318,2026-03-21T16:13:18,39233033,HOOH Now Comfort in Fashion Girls Elsa Printed Sneakers,HOOH Now Comfort in Fashion,Casual Shoes,Girls,1299.0,455.0,65.0,4.342696666717529,178,123.8,3714.0,86.7,2601.0,low,rank_only,"{""rank_score"": 123.8}",0.0,0.0,123.8,0.0,sneakers,5,False
20260321_161318,2026-03-21T16:13:18,35215287,Crazyly LACOSET Girls Colourblocked Velcro Sneakers,Crazyly,Casual Shoes,Girls,1799.0,429.0,76.2,4.471231937408447,3563,109.8,3294.0,76.9,2307.0,low,rank_only,"{""rank_score"": 109.8}",0.0,0.0,109.8,0.0,sneakers,6,False
20260321_161318,2026-03-21T16:13:18,34980422,Crazyly Boys Colourblocked Sneakers With Velcro,Crazyly,Casual Shoes,Boys,1799.0,429.0,76.2,4.470687389373779,3565,97.4,2922.0,68.2,2046.0,low,rank_only,"{""rank_score"": 97.4}",0.0,0.0,97.4,0.0,sneakers,7,False
20260321_161318,2026-03-21T16:13:18,39078573,HOOH Now Comfort in Fashion Girls Frozen Printed Sneakers,HOOH Now Comfort in Fashion,Casual Shoes,Girls,1299.0,459.0,64.7,4.269103050231934,301,86.3,2589.0,60.4,1812.0,low,rank_only,"{""rank_score"": 86.3}",0.0,0.0,86.3,0.0,sneakers,8,False
20260321_161318,2026-03-21T16:13:18,32064729,HRX by Hrithik Roshan Unisex Round Toe Lace-Ups Sneakers,HRX by Hrithik Roshan,Casual Shoes,Unisex,3399.0,999.0,70.6,4.292834758758545,321,76.6,2298.0,53.6,1608.0,low,rank_only,"{""rank_score"": 76.6}",0.0,0.0,76.6,0.0,sneakers,9,False
20260321_161318,2026-03-21T16:13:18,40138324,Pantaloons Junior Girls Colourblocked PU Sneakers,Pantaloons Junior,Casual Shoes,Girls,999.0,999.0,0.0,0.0,0,67.9,2037.0,47.5,1425.0,low,rank_only,"{""rank_score"": 67.9}",0.0,0.0,67.9,0.0,sneakers,10,False
20260321_161318,2026-03-21T16:13:18,39078571,HOOH Now Comfort in Fashion Girls Elsa Printed Sneakers,HOOH Now Comfort in Fashion,Casual Shoes,Girls,1299.0,459.0,64.7,4.264214038848877,299,60.2,1806.0,42.1,1263.0,low,rank_only,"{""rank_score"": 60.2}",0.0,0.0,60.2,0.0,sneakers,11,False
20260321_161318,2026-03-21T16:13:18,21766804,Puma Smashic Women Comfort Casual Sneakers,Puma,Casual Shoes,Women,4499.0,1799.0,60.0,4.393539905548096,15541,53.4,1602.0,37.4,1122.0,low,rank_only,"{""rank_score"": 53.4}",0.0,0.0,53.4,0.0,sneakers,12,False
20260321_161318,2026-03-21T16:13:18,34982326,Crazyly Seltos Boys Round Toe Sneakers,Crazyly,Casual Shoes,Boys,1799.0,453.0,74.8,4.291719913482666,785,47.4,1422.0,33.2,996.0,low,rank_only,"{""rank_score"": 47.4}",0.0,0.0,47.4,0.0,sneakers,13,False
20260321_161318,2026-03-21T16:13:18,35318526,max Girls Round Toe Velcro Sneaker,max,Casual Shoes,Girls,399.0,399.0,0.0,4.391396522521973,1418,42.0,1260.0,29.4,882.0,low,rank_only,"{""rank_score"": 42.0}",0.0,0.0,42.0,0.0,sneakers,14,False
20260321_161318,2026-03-21T16:13:18,36443792,Red Tape Down Town Dapper Men Colourblocked Lace-Ups Sneakers,Red Tape,Casual Shoes,Men,6499.0,1494.0,77.0,4.482783317565918,1394,37.3,1119.0,26.1,783.0,low,rank_only,"{""rank_score"": 37.3}",0.0,0.0,37.3,0.0,sneakers,15,False
20260321_161318,2026-03-21T16:13:18,39549101,Pantaloons Junior Girls Colourblocked PU Sneakers,Pantaloons Junior,Casual Shoes,Girls,999.0,999.0,0.0,4.800000190734863,10,33.1,993.0,23.2,696.0,low,rank_only,"{""rank_score"": 33.1}",0.0,0.0,33.1,0.0,sneakers,16,False
20260321_161318,2026-03-21T16:13:18,39233024,HOOH Now Comfort in Fashion Girls Elsa Textured Sneakers,HOOH Now Comfort in Fashion,Casual Shoes,Girls,1299.0,455.0,65.0,4.342696666717529,178,29.3,879.0,20.5,615.0,low,rank_only,"{""rank_score"": 29.3}",0.0,0.0,29.3,0.0,sneakers,17,False
20260321_161318,2026-03-21T16:13:18,35747352,Red Tape Men Colourblocked PU Lace-Ups Sneakers,Red Tape,Casual Shoes,Men,6299.0,1448.0,77.0,4.392228603363037,1364,26.0,780.0,18.2,546.0,low,rank_only,"{""rank_score"": 26.0}",0.0,0.0,26.0,0.0,sneakers,18,False
20260321_161318,2026-03-21T16:13:18,34980418,Crazyly Boys Velcro Colourblocked Sneakers,Crazyly,Casual Shoes,Boys,1799.0,429.0,76.2,4.470687389373779,3565,23.1,693.0,16.2,486.0,low,rank_only,"{""rank_score"": 23.1}",0.0,0.0,23.1,0.0,sneakers,19,False
20260321_161318,2026-03-21T16:13:18,26219086,Liberty Force 10 Kids Black Velcro School Shoes,Liberty,Casual Shoes,Unisex Kids,799.0,431.0,46.1,4.237854957580566,3767,20.5,615.0,14.3,429.0,low,rank_only,"{""rank_score"": 20.5}",0.0,0.0,20.5,0.0,sneakers,20,False
20260321_161318,2026-03-21T16:13:18,33276700,Red Tape Women Sneakers,Red Tape,Casual Shoes,Women,6099.0,1097.0,82.0,4.566440582275391,1031,18.1,543.0,12.7,381.0,low,rank_only,"{""rank_score"": 18.1}",0.0,0.0,18.1,0.0,sneakers,21,False
20260321_161318,2026-03-21T16:13:18,22973402,KazarMax Girls Colourblocked Shimmer Memory Foam Sneakers,KazarMax,Casual Shoes,Girls,2499.0,999.0,60.0,4.609403133392334,1106,16.1,483.0,11.3,339.0,low,rank_only,"{""rank_score"": 16.1}",0.0,0.0,16.1,0.0,sneakers,22,False
20260321_161318,2026-03-21T16:13:18,32158013,BIRDE Boys Slip-On Woven Design Flyknit Shoes,BIRDE,Casual Shoes,Boys,999.0,401.0,59.9,4.2694807052612305,616,14.3,429.0,10.0,300.0,low,rank_only,"{""rank_score"": 14.3}",0.0,0.0,14.3,0.0,sneakers,23,False
20260321_161318,2026-03-21T16:13:18,25962938,HRX by Hrithik Roshan Men White Perforations Comfort Insole Basics Sneakers,HRX by Hrithik Roshan,Casual Shoes,Men,3699.0,999.0,73.0,4.025155544281006,14947,12.7,381.0,8.9,267.0,low,rank_only,"{""rank_score"": 12.7}",0.0,0.0,12.7,0.0,sneakers,24,False
20260321_161318,2026-03-21T16:13:18,30113848,Red Tape Men Colourblocked Sneakers,Red Tape,Casual Shoes,Men,6799.0,1563.0,77.0,4.36415958404541,6953,11.2,336.0,7.8,234.0,low,rank_only,"{""rank_score"": 11.2}",0.0,0.0,11.2,0.0,sneakers,25,False
20260321_161318,2026-03-21T16:13:18,33949583,Hopits Girls Blue Woven Design Velcro Round Toe Sneakers,Hopits,Casual Shoes,Girls,2999.0,1248.0,58.4,4.627551078796387,196,10.0,300.0,7.0,210.0,low,rank_only,"{""rank_score"": 10.0}",0.0,0.0,10.0,0.0,sneakers,26,False
20260321_161318,2026-03-21T16:13:18,39233034,HOOH Now Comfort in Fashion Girls Frozen Textured Sneakers,HOOH Now Comfort in Fashion,Casual Shoes,Girls,1299.0,455.0,65.0,4.346368789672852,179,8.8,264.0,6.2,186.0,low,rank_only,"{""rank_score"": 8.8}",0.0,0.0,8.8,0.0,sneakers,27,False
20260321_161318,2026-03-21T16:13:18,38265784,Shozie Girls Colourblocked Sneakers,Shozie,Casual Shoes,Girls,999.0,489.0,51.1,4.104650974273682,430,7.8,234.0,5.5,165.0,low,rank_only,"{""rank_score"": 7.8}",0.0,0.0,7.8,0.0,sneakers,28,False
20260321_161318,2026-03-21T16:13:18,31595780,BOYZ N GALZ Girls Textured PU Slip-On Sneakers,BOYZ N GALZ,Casual Shoes,Girls,1199.0,499.0,58.4,4.461538314819336,13,6.9,207.0,4.8,144.0,low,rank_only,"{""rank_score"": 6.9}",0.0,0.0,6.9,0.0,sneakers,29,False
20260321_161318,2026-03-21T16:13:18,39411454,Robbie Jones Men Colourblocked PU Sneakers,Robbie Jones,Casual Shoes,Men,1999.0,800.0,60.0,3.5840706825256348,113,6.2,186.0,4.3,129.0,low,rank_only,"{""rank_score"": 6.2}",0.0,0.0,6.2,0.0,sneakers,30,False
20260321_161318,2026-03-21T16:13:18,39078575,HOOH Now Comfort in Fashion Unisex Kids Colourblocked Sneakers,HOOH Now Comfort in Fashion,Casual Shoes,Unisex Kids,1299.0,456.0,64.9,4.09846830368042,457,5.5,165.0,3.8,114.0,low,rank_only,"{""rank_score"": 5.5}",0.0,0.0,5.5,0.0,sneakers,31,False
20260321_161318,2026-03-21T16:13:18,37839861,Pantaloons Baby Boys Colourblocked PU Sneakers,Pantaloons Baby,Casual Shoes,Boys,599.0,599.0,0.0,3.133333444595337,45,4.8,144.0,3.4,102.0,low,rank_only,"{""rank_score"": 4.8}",0.0,0.0,4.8,0.0,sneakers,32,False
20260321_161318,2026-03-21T16:13:18,24919920,Puma Carina Slim Perf Women Sneakers,Puma,Casual Shoes,Women,4499.0,1799.0,60.0,4.334214687347412,12100,4.3,129.0,3.0,90.0,low,rank_only,"{""rank_score"": 4.3}",0.0,0.0,4.3,0.0,sneakers,33,False
20260321_161318,2026-03-21T16:13:18,30396659,ASIAN Men Colourblocked Round Toe Mid-Top Sneakers,ASIAN,Casual Shoes,Men,1499.0,704.0,53.0,3.9791200160980225,14751,3.8,114.0,2.7,81.0,low,rank_only,"{""rank_score"": 3.8}",0.0,0.0,3.8,0.0,sneakers,34,False
20260321_161318,2026-03-21T16:13:18,27083406,BAESD Kids Colourblocked LED Sneakers,BAESD,Casual Shoes,Unisex Kids,2000.0,361.0,82.0,4.392831802368164,2818,3.4,102.0,2.4,72.0,low,rank_only,"{""rank_score"": 3.4}",0.0,0.0,3.4,0.0,sneakers,35,False
20260321_161318,2026-03-21T16:13:18,20143948,Roadster Men Black Colourblocked Casual Textile Sneakers,Roadster,Casual Shoes,Men,3795.0,998.0,73.7,3.8487420082092285,3299,3.0,90.0,2.1,63.0,low,rank_only,"{""rank_score"": 3.0}",0.0,0.0,3.0,0.0,sneakers,36,False
20260321_161318,2026-03-21T16:13:18,35363203,Bubblegummers Girls Slip-On Sneakers,Bubblegummers,Casual Shoes,Girls,499.0,449.0,10.0,4.441860675811768,43,2.7,81.0,1.9,57.0,low,rank_only,"{""rank_score"": 2.7}",0.0,0.0,2.7,0.0,sneakers,37,False
20260321_161318,2026-03-21T16:13:18,33392880,Pantaloons Junior Boys Textured PU Sneakers,Pantaloons Junior,Casual Shoes,Boys,999.0,849.0,15.0,4.261904716491699,42,2.4,72.0,1.7,51.0,low,rank_only,"{""rank_score"": 2.4}",0.0,0.0,2.4,0.0,sneakers,38,False
20260321_161318,2026-03-21T16:13:18,39641562,Pantaloons Junior Boys Colourblocked PU Sneakers,Pantaloons Junior,Casual Shoes,Boys,999.0,999.0,0.0,4.888888835906982,9,2.1,63.0,1.5,45.0,low,rank_only,"{""rank_score"": 2.1}",0.0,0.0,2.1,0.0,sneakers,39,False
20260321_161318,2026-03-21T16:13:18,39641564,Pantaloons Junior Girls Colourblocked PU Sneakers,Pantaloons Junior,Casual Shoes,Girls,999.0,999.0,0.0,4.888888835906982,9,1.9,57.0,1.3,39.0,low,rank_only,"{""rank_score"": 1.9}",0.0,0.0,1.9,0.0,sneakers,40,False
20260321_161318,2026-03-21T16:13:18,39852889,Crazyly Boys Colourblocked Sneakers,Crazyly,Casual Shoes,Boys,1899.0,381.0,79.9,4.3125,32,1.6,48.0,1.1,33.0,low,rank_only,"{""rank_score"": 1.6}",0.0,0.0,1.6,0.0,sneakers,41,False
20260321_161318,2026-03-21T16:13:18,22973394,KazarMax Girls Colourblocked Memory Foam Sneakers,KazarMax,Casual Shoes,Girls,2499.0,985.0,60.6,4.610961437225342,1113,1.5,45.0,1.0,30.0,low,rank_only,"{""rank_score"": 1.5}",0.0,0.0,1.5,0.0,sneakers,42,False
20260321_161318,2026-03-21T16:13:18,38178651,KazarMax Girls Printed Sneakers,KazarMax,Casual Shoes,Girls,2499.0,1199.0,52.0,4.611161231994629,1111,1.3,39.0,0.9,27.0,low,rank_only,"{""rank_score"": 1.3}",0.0,0.0,1.3,0.0,sneakers,43,False
20260321_161318,2026-03-21T16:13:18,38299997,Bata Boys PU Slip-On Sneakers,Bata,Casual Shoes,Boys,999.0,899.0,10.0,3.9166667461395264,12,1.1,33.0,0.8,24.0,low,rank_only,"{""rank_score"": 1.1}",0.0,0.0,1.1,0.0,sneakers,44,False
20260321_161318,2026-03-21T16:13:18,32158016,BIRDE Boys Slip-On Flyknit Shoes,BIRDE,Casual Shoes,Boys,999.0,401.0,59.9,4.097345352172852,113,1.0,30.0,0.7,21.0,low,rank_only,"{""rank_score"": 1.0}",0.0,0.0,1.0,0.0,sneakers,45,False
20260321_161318,2026-03-21T16:13:18,35167384,Crazyly Boys Round Toe Sneakers,Crazyly,Casual Shoes,Boys,1799.0,483.0,73.2,4.295629978179932,778,0.9,27.0,0.6,18.0,low,rank_only,"{""rank_score"": 0.9}",0.0,0.0,0.9,0.0,sneakers,46,False
20260321_161318,2026-03-21T16:13:18,32158012,BIRDE Boys Round Toe Flyknit Slip-On Sneakers,BIRDE,Casual Shoes,Boys,999.0,401.0,59.9,4.269043922424316,617,0.8,24.0,0.6,18.0,low,rank_only,"{""rank_score"": 0.8}",0.0,0.0,0.8,0.0,sneakers,47,False
20260321_161318,2026-03-21T16:13:18,25776488,HRX by Hrithik Roshan Men Black & White Perforations Comfort Insole Sneakers,HRX by Hrithik Roshan,Casual Shoes,Men,3699.0,999.0,73.0,4.025351047515869,14950,0.7,21.0,0.5,15.0,low,rank_only,"{""rank_score"": 0.7}",0.0,0.0,0.7,0.0,sneakers,48,False
20260321_161318,2026-03-21T16:13:18,39439254,LMG Lifestyle Girls Elsa Textured Sneakers,LMG Lifestyle,Casual Shoes,Girls,2999.0,499.0,83.4,4.5714287757873535,7,0.6,18.0,0.4,12.0,low,rank_only,"{""rank_score"": 0.6}",0.0,0.0,0.6,0.0,sneakers,49,False
20260321_161318,2026-03-21T16:13:18,32505497,ONYC Unisex Kids Woven Design Sneakers,ONYC,Casual Shoes,Unisex Kids,899.0,545.0,39.4,4.669441223144531,841,0.6,18.0,0.4,12.0,low,rank_only,"{""rank_score"": 0.6}",0.0,0.0,0.6,0.0,sneakers,50,False
